Workbook

Sheet Read_First
B2: Tier-3 Turbo DSA 250 – Placement-Focused Tracker
B5: ⚠️ Licensed to: Sumit Thakur 📧 Email: sumitthaku799@gmail.com 🆔 License ID: DSA-2375
B7: Who is this for?
B8: - 1st to 3rd year students from tier-2/3 colleges targeting product/service-based companies.
B10: How to use this effectively in 60-90 days?
B11: 1. Pick 3-5 problems per day from the current topic.
B12: 2. Attempt without help. Log mistakes in Error Notes.
B13: 3. Revise only starred problems (⭐ Repeat / 🔥 Must Revise) every weekend.
B15: 💡 Promise:
B16: "Stop getting lost in 1000+ random LeetCode problems. Follow this 250-question path and actually finish your prep."
B17: "Designed for average coders from non-IIT colleges who want above-average offers."
B19: Note:
... B22: ⚠️This tracker is licensed

Sheet _meta_data
A1: Name | B1: Email | C1: License ID | D1: Date

Sheet Roadmap_250
A1: S.No | B1: Topic | C1: Subtopic / Pattern | D1: Problem Name | E1: Platform | F1: Difficulty | G1: Status 1 | H1: Status 2 | I1: Status 3 | J1: Mistake Tag | K1: Error Notes | L1: Concept Notes / Trick | M1: Resource Link | N1: Solution – Python | O1: Solution – Java | P1: Solution – C++ | Q1: Last Reviewed On | R1: Confidence Level
A2: 1 | B2: Basics & Math | C2: Basics | D2: Fizz Buzz | E2: LeetCode | F2: Easy | G2: ✅ Done | H2: ⏳ Not started | I2: ⏳ Not started
A3: 2 | B3: Basics & Math | C3: Basics | D3: Count Primes | E3: LeetCode | F3: Easy | G3: ⏳ Not started | H3: ⏳ Not started | I3: ⏳ Not started
A4: 3 | B4: Basics & Math | C4: Basics | D4: Power of Two | E4: LeetCode | F4: Medium | G4: ⏳ Not started | H4: ⏳ Not started | I4: ⏳ Not started
A5: 4 | B5: Basics & Math | C5: Basics | D5: Reverse Integer | E5: LeetCode | F5: Easy | G5: ⏳ Not started | H5: ⏳ Not started | I5: ⏳ Not started
A6: 5 | B6: Basics & Math | C6: Basics | D6: Palindrome Number | E6: LeetCode | F6: Easy | G6: ⏳ Not started | H6: ⏳ Not started | I6: ⏳ Not started
A7: 6 | B7: Basics & Math | C7: Basics | D7: Roman to Integer | E7: LeetCode | F7: Medium | G7: ⏳ Not started | H7: ⏳ Not started | I7: ⏳ Not started
A8: 7 | B8: Basics & Math | C8: Basics | D8: Integer to Roman | E8: LeetCode | F8: Easy | G8: ⏳ Not started | H8: ⏳ Not started | I8: ⏳ Not started
A9: 8 | B9: Basics & Math | C9: Basics | D9: Valid Perfect Square | E9: LeetCode | F9: Easy | G9: ⏳ Not started | H9: ⏳ Not started | I9: ⏳ Not started
A10: 9 | B10: Basics & Math | C10: Basics | D10: Sqrtx | E10: LeetCode | F10: Medium | G10: ⏳ Not started | H10: ⏳ Not started | I10: ⏳ Not started
A11: 10 | B11: Basics & Math | C11: Basics | D11: Subtract the Product And Sum of Digits of an Integer | E11: LeetCode | F11: Easy | G11: ⏳ Not started | H11: ⏳ Not started | I11: ⏳ Not started
A12: 11 | B12: Basics & Math | C12: Basics | D12: Base 7 | E12: LeetCode | F12: Easy | G12: ⏳ Not started | H12: ⏳ Not started | I12: ⏳ Not started
A13: 12 | B13: Basics & Math | C13: Basics | D13: Convert a Number to Hexadecimal | E13: LeetCode | F13: Medium | G13: ⏳ Not started | H13: ⏳ Not started | I13: ⏳ Not started
... A251: 250 | B251: Binary Search Trees | C251: Binary Search Trees | D251: Convert Sorted Array to Binary Search Tree | E251: LeetCode | F251: Easy | G251: ⏳ Not started | H251: ⏳ Not started | I251: ⏳ Not started
B253: ⚠️ This is a licensed tracker. Unauthorized sharing may result in access removal. This sheet is personalized and monitored.

Sheet Tracker_Dashboard
A1: Overall Statistics | D1: Topic-wise Progress
A2: Total Questions: | B2: 250 | D2: Topic | E2: Total | F2: Completed | G2: Pending
A3: Questions Attempted: | B3: =250 - COUNTIF(Roadmap_250!G2:G251, "⏳ Not started") -> 1 | D3: Basics & Math | E3: =COUNTIF(Roadmap_250!B2:B251, "Basics & Math") -> 15 | F3: 0 | G3: =E3-F3 -> 15
A4: Fully Solved (Status 3 = ✅): | B4: =COUNTIF(Roadmap_250!I2:I251, "✅ Done") -> 0 | D4: Arrays 1D & 2D | E4: =COUNTIF(Roadmap_250!B2:B251, "Arrays 1D & 2D") -> 40 | F4: =COUNTIFS(Roadmap_250!B2:B251, "Arrays 1D & 2D", Roadmap_250!I2:I251, "✅ Done") -> 0 | G4: =E4-F4 -> 40
A5: ⭐ Repeat Items: | B5: =COUNTIF(Roadmap_250!J2:J251, "⭐ Repeat") -> 0 | D5: Strings | E5: =COUNTIF(Roadmap_250!B2:B251, "Strings") -> 20 | F5: =COUNTIFS(Roadmap_250!B2:B251, "Strings", Roadmap_250!I2:I251, "✅ Done") -> 0 | G5: =E5-F5 -> 20
A6: 🔥 Must Revise Items: | B6: =COUNTIF(Roadmap_250!J2:J251, "🔥 Must Revise") -> 0 | D6: Hashing / Maps / Sets | E6: =COUNTIF(Roadmap_250!B2:B251, "Hashing / Maps / Sets") -> 20 | F6: =COUNTIFS(Roadmap_250!B2:B251, "Hashing / Maps / Sets", Roadmap_250!I2:I251, "✅ Done") -> 0 | G6: =E6-F6 -> 20
D7: Two Pointers & Sliding Window | E7: =COUNTIF(Roadmap_250!B2:B251, "Two Pointers & Sliding Window") -> 20 | F7: =COUNTIFS(Roadmap_250!B2:B251, "Two Pointers & Sliding Window", Roadmap_250!I2:I251, "✅ Done") -> 0 | G7: =E7-F7 -> 20
D8: Binary Search | E8: =COUNTIF(Roadmap_250!B2:B251, "Binary Search") -> 20 | F8: =COUNTIFS(Roadmap_250!B2:B251, "Binary Search", Roadmap_250!I2:I251, "✅ Done") -> 0 | G8: =E8-F8 -> 20
D9: Recursion & Backtracking | E9: =COUNTIF(Roadmap_250!B2:B251, "Recursion & Backtracking") -> 15 | F9: =COUNTIFS(Roadmap_250!B2:B251, "Recursion & Backtracking", Roadmap_250!I2:I251, "✅ Done") -> 0 | G9: =E9-F9 -> 15
D10: Sorting & Searching | E10: =COUNTIF(Roadmap_250!B2:B251, "Sorting & Searching") -> 15 | F10: =COUNTIFS(Roadmap_250!B2:B251, "Sorting & Searching", Roadmap_250!I2:I251, "✅ Done") -> 0 | G10: =E10-F10 -> 15
D11: Linked List | E11: =COUNTIF(Roadmap_250!B2:B251, "Linked List") -> 25 | F11: =COUNTIFS(Roadmap_250!B2:B251, "Linked List", Roadmap_250!I2:I251, "✅ Done") -> 0 | G11: =E11-F11 -> 25
D12: Stack & Queue | E12: =COUNTIF(Roadmap_250!B2:B251, "Stack & Queue") -> 25 | F12: =COUNTIFS(Roadmap_250!B2:B251, "Stack & Queue", Roadmap_250!I2:I251, "✅ Done") -> 0 | G12: =E12-F12 -> 25
D13: Binary Trees | E13: =COUNTIF(Roadmap_250!B2:B251, "Binary Trees") -> 25 | F13: =COUNTIFS(Roadmap_250!B2:B251, "Binary Trees", Roadmap_250!I2:I251, "✅ Done") -> 0 | G13: =E13-F13 -> 25
D14: Binary Search Trees | E14: =COUNTIF(Roadmap_250!B2:B251, "Binary Search Trees") -> 10 | F14: =COUNTIFS(Roadmap_250!B2:B251, "Binary Search Trees", Roadmap_250!I2:I251, "✅ Done") -> 0 | G14: =E14-F14 -> 10

Sheet Solutions_Python
A1: S.No | B1: Problem Name | C1: Code
A2: 1 | B2: Fizz Buzz | C2: # Sample Python Solution for Fizz Buzz class Solution: def solve(self): pass
A3: 2 | B3: Count Primes | C3: # Sample Python Solution for Count Primes class Solution: def solve(self): pass
A4: 3 | B4: Power of Two | C4: # Sample Python Solution for Power of Two class Solution: def solve(self): pass
A5: 4 | B5: Reverse Integer | C5: # Sample Python Solution for Reverse Integer class Solution: def solve(self): pass
A6: 5 | B6: Palindrome Number | C6: # Sample Python Solution for Palindrome Number class Solution: def solve(self): pass
A7: 6 | B7: Roman to Integer | C7: # Sample Python Solution for Roman to Integer class Solution: def solve(self): pass
A8: 7 | B8: Integer to Roman | C8: # Sample Python Solution for Integer to Roman class Solution: def solve(self): pass
A9: 8 | B9: Valid Perfect Square | C9: # Sample Python Solution for Valid Perfect Square class Solution: def solve(self): pass
A10: 9 | B10: Sqrtx | C10: # Sample Python Solution for Sqrtx class Solution: def solve(self): pass
A11: 10 | B11: Subtract the Product And Sum of Digits of an Integer | C11: # Sample Python Solution for Subtract the Product And Sum of Digits of an Integer class Solution: def solve(self): pass
A12: 11 | B12: Base 7 | C12: # Python Solution template... # Add your implementation here.
A13: 12 | B13: Convert a Number to Hexadecimal | C13: # Python Solution template... # Add your implementation here.
... A251: 250 | B251: Convert Sorted Array to Binary Search Tree | C251: # Python Solution template... # Add your implementation here.

Sheet Solutions_Java
A1: S.No | B1: Problem Name | C1: Code
A2: 1 | B2: Fizz Buzz | C2: // Sample Java Solution for Fizz Buzz class Solution { public void solve() { // Core logic goes here } }
A3: 2 | B3: Count Primes | C3: // Sample Java Solution for Count Primes class Solution { public void solve() { // Core logic goes here } }
A4: 3 | B4: Power of Two | C4: // Sample Java Solution for Power of Two class Solution { public void solve() { // Core logic goes here } }
A5: 4 | B5: Reverse Integer | C5: // Sample Java Solution for Reverse Integer class Solution { public void solve() { // Core logic goes here } }
A6: 5 | B6: Palindrome Number | C6: // Sample Java Solution for Palindrome Number class Solution { public void solve() { // Core logic goes here } }
A7: 6 | B7: Roman to Integer | C7: // Sample Java Solution for Roman to Integer class Solution { public void solve() { // Core logic goes here } }
A8: 7 | B8: Integer to Roman | C8: // Sample Java Solution for Integer to Roman class Solution { public void solve() { // Core logic goes here } }
A9: 8 | B9: Valid Perfect Square | C9: // Sample Java Solution for Valid Perfect Square class Solution { public void solve() { // Core logic goes here } }
A10: 9 | B10: Sqrtx | C10: // Sample Java Solution for Sqrtx class Solution { public void solve() { // Core logic goes here } }
A11: 10 | B11: Subtract the Product And Sum of Digits of an Integer | C11: // Sample Java Solution for Subtract the Product And Sum of Digits of an Integer class Solution { public void solve() { // Core logic goes here } }
A12: 11 | B12: Base 7 | C12: // Java Solution template... // Add your implementation here.
A13: 12 | B13: Convert a Number to Hexadecimal | C13: // Java Solution template... // Add your implementation here.
... A251: 250 | B251: Convert Sorted Array to Binary Search Tree | C251: // Java Solution template... // Add your implementation here.

Sheet Solutions_CPP
A1: S.No | B1: Problem Name | C1: Code
A2: 1 | B2: Fizz Buzz | C2: // Sample CPP Solution for Fizz Buzz class Solution { public void solve() { // Core logic goes here } }
A3: 2 | B3: Count Primes | C3: // Sample CPP Solution for Count Primes class Solution { public void solve() { // Core logic goes here } }
A4: 3 | B4: Power of Two | C4: // Sample CPP Solution for Power of Two class Solution { public void solve() { // Core logic goes here } }
A5: 4 | B5: Reverse Integer | C5: // Sample CPP Solution for Reverse Integer class Solution { public void solve() { // Core logic goes here } }
A6: 5 | B6: Palindrome Number | C6: // Sample CPP Solution for Palindrome Number class Solution { public void solve() { // Core logic goes here } }
A7: 6 | B7: Roman to Integer | C7: // Sample CPP Solution for Roman to Integer class Solution { public void solve() { // Core logic goes here } }
A8: 7 | B8: Integer to Roman | C8: // Sample CPP Solution for Integer to Roman class Solution { public void solve() { // Core logic goes here } }
A9: 8 | B9: Valid Perfect Square | C9: // Sample CPP Solution for Valid Perfect Square class Solution { public void solve() { // Core logic goes here } }
A10: 9 | B10: Sqrtx | C10: // Sample CPP Solution for Sqrtx class Solution { public void solve() { // Core logic goes here } }
A11: 10 | B11: Subtract the Product And Sum of Digits of an Integer | C11: // Sample CPP Solution for Subtract the Product And Sum of Digits of an Integer class Solution { public void solve() { // Core logic goes here } }
A12: 11 | B12: Base 7 | C12: // CPP Solution template... // Add your implementation here.
A13: 12 | B13: Convert a Number to Hexadecimal | C13: // CPP Solution template... // Add your implementation here.
... A251: 250 | B251: Convert Sorted Array to Binary Search Tree | C251: // CPP Solution template... // Add your implementation here.
